condition_id,seed,pct_predictive,mean_population_reward,mean_prop_zone_a,mean_prop_zone_b,mean_prop_stay_out,synchronization,gini_wealth,wealth_std,total_wealth_random,mean_reward_random,total_wealth_memory,mean_reward_memory,mean_reward_predictive,total_wealth_predictive
1,0,0.0,0.5503916179573946,0.5153,0.4495866666666667,0.03511333333333333,0.9148999999999999,0.3795240802493838,340.4453027814808,38798.23697298008,2.586549131532005,43760.5057206291,0.32415189422688223,,0.0
1,1,0.0,0.5508708903781717,0.53324,0.43118666666666666,0.03557333333333334,0.9080266666666666,0.3610922811798014,322.8275457953137,37225.47987658401,2.481698658438934,45405.15368014171,0.3363344717047534,,0.0
1,2,0.0,0.5505989385261756,0.5125666666666666,0.45238666666666666,0.035046666666666663,0.9198133333333333,0.3894260006912631,349.531323923062,39613.613666277924,2.640907577751862,42976.22711264846,0.3183424230566553,,0.0
1,3,0.0,0.5492618907529462,0.5174000000000001,0.4475133333333333,0.03508666666666667,0.9099866666666667,0.3750576221994353,336.1133767743035,38344.23224144144,2.556282149429429,44045.05137150051,0.32625963978889266,,0.0
1,4,0.0,0.5509448326908493,0.5237733333333333,0.4413,0.03492666666666667,0.9129666666666667,0.37341083993824187,334.72812006047207,38215.191243819674,2.547679416254645,44426.53365980771,0.32908543451709416,,0.0
1,5,0.0,0.5507703862732858,0.5211,0.4436533333333333,0.03524666666666667,0.9075333333333333,0.36598089397319833,327.4998795451528,37633.97463719208,2.508931642479472,44981.583303800784,0.33319691336148727,,0.0
1,6,0.0,0.548974802973379,0.5248866666666667,0.4394066666666666,0.035706666666666664,0.91528,0.3779223915893837,337.9671982480602,38507.541380757815,2.567169425383854,43838.679065249,0.32473095603888147,,0.0
1,7,0.0,0.5491596061840148,0.5239733333333334,0.44075333333333333,0.03527333333333333,0.90752,0.3704408645122321,329.9563063818416,37831.45171471981,2.522096780981321,44542.489212882414,0.32994436453986975,,0.0
1,8,0.0,0.5497614503102207,0.5100133333333333,0.45426666666666665,0.03572,0.9071800000000001,0.3723350391416298,333.6565772387568,38150.20934220855,2.54334728948057,44314.008204324615,0.3282519126246268,,0.0
1,9,0.0,0.5501858147878045,0.5179600000000001,0.4470466666666667,0.034993333333333335,0.9169400000000001,0.381925468265081,343.05990902948645,39032.42543508479,2.6021616956723195,43495.44678308592,0.3221884946895253,,0.0
1,10,0.0,0.5507118843486165,0.5294533333333333,0.43484666666666666,0.0357,0.9170799999999999,0.38150454286370183,341.168785322785,38869.04036842286,2.5912693578948574,43737.74228386958,0.3239832761768117,,0.0
1,11,0.0,0.5484963304441665,0.5204,0.44423999999999997,0.03536,0.9128866666666666,0.37294286281979105,332.49912742688656,38056.07954074727,2.537071969383151,44218.370025877695,0.3275434816731681,,0.0
1,12,0.0,0.5514886823139791,0.5191466666666666,0.4458666666666667,0.034986666666666666,0.90752,0.36836605198381833,329.4817495473461,37844.987617501436,2.5229991745000957,44878.314729595426,0.33243196095996613,,0.0
1,13,0.0,0.5498471040993415,0.5163933333333335,0.44899333333333336,0.03461333333333333,0.9161333333333334,0.3825690185035209,343.19009171189487,39030.738392310006,2.6020492261540005,43446.32722259122,0.32182464609326833,,0.0
1,14,0.0,0.550737643757695,0.5254466666666667,0.4388533333333334,0.0357,0.9141533333333333,0.3765736303382552,337.72746202543084,38552.78206030233,2.570185470686822,44057.86450335191,0.32635455187668083,,0.0
1,15,0.0,0.5519129494935755,0.5014733333333333,0.4626266666666667,0.03590000000000001,0.91054,0.37730599194996217,338.22530036737095,38629.24565564587,2.575283043709725,44157.696768390466,0.32709405013622567,,0.0
1,16,0.0,0.5491487732227412,0.5218733333333333,0.44289999999999996,0.03522666666666667,0.9105533333333333,0.37295320138992905,332.48218407736016,38041.93792154558,2.536129194769705,44330.37806186562,0.3283731708286342,,0.0
1,17,0.0,0.5503908781418545,0.5251866666666667,0.44064666666666663,0.03416666666666667,0.9073800000000001,0.3637444168090531,325.45177905341995,37491.463512094204,2.49943090080628,45067.168209183954,0.3338308756235848,,0.0
1,18,0.0,0.550470525921711,0.5270333333333334,0.4385133333333333,0.034453333333333336,0.91448,0.37684696130791173,337.7771785376414,38575.403465762254,2.5716935643841503,43995.1754224944,0.32589018831477334,,0.0
1,19,0.0,0.5495125782143191,0.5169600000000001,0.44758666666666663,0.03545333333333333,0.9153533333333334,0.379047485089943,339.27119141421093,38680.55873387887,2.5787039155919245,43746.32799826902,0.324046874061252,,0.0
2,0,0.05,0.5503252398027147,0.5687266666666667,0.39361333333333337,0.03766,0.8654666666666667,0.3055607908140552,238.43801988882018,19444.568425267444,1.2963045616844961,46386.23370261157,0.36381359766754173,2.229064512337094,16717.983842528203
2,1,0.05,0.5483699423105144,0.6095666666666667,0.35358666666666666,0.036846666666666666,0.8584400000000001,0.2914013906928823,228.91976401705867,18608.256120705686,1.2405504080470457,47268.20358820539,0.37073100853494423,2.18387088502215,16379.031637666125
2,2,0.05,0.5492625144622305,0.5690533333333333,0.39336,0.03758666666666667,0.8578666666666667,0.3011410408084185,237.67025912823703,18768.015913339234,1.2512010608892823,46640.58783693014,0.36580853205435404,2.264103122542026,16980.773419065194
2,3,0.05,0.5500729501940166,0.59202,0.3703466666666667,0.03763333333333333,0.8566466666666667,0.29761728095320983,235.39353378715563,18680.649511997162,1.2453766341331443,46955.92142006455,0.36828173662795727,2.2499162129387735,16874.3715970408
2,4,0.05,0.5507837333978659,0.5982066666666667,0.36456,0.037233333333333334,0.8563799999999999,0.2944000638941935,232.77073093004194,18688.138903346506,1.245875926889767,47264.315945022776,0.3707005172158649,2.222014021508082,16665.105161310617
2,5,0.05,0.5493470887503306,0.5861333333333334,0.3769733333333334,0.036893333333333334,0.8633066666666667,0.30054686834574285,235.6630148162108,19023.099603945866,1.2682066402630576,46679.83762587431,0.3661163735362691,2.2265501443639204,16699.126082729403
2,6,0.05,0.5493520114394196,0.5603933333333333,0.4019933333333333,0.03761333333333333,0.86152,0.3091465543305443,245.24036755131436,18878.830522522956,1.2585887015015305,46022.64092427166,0.36096188960213066,2.333510702549111,17501.33026911833
2,7,0.05,0.5501652733394311,0.5634,0.40015999999999996,0.03644,0.8629600000000001,0.3100520443636674,246.8547119979543,18738.425442944757,1.2492283628629839,46079.47137239558,0.36140761860702414,2.3609192247432502,17706.894185574376
2,8,0.05,0.5505010859862487,0.5620866666666666,0.40065999999999996,0.03725333333333333,0.8657533333333334,0.31411082691501435,248.71569719333039,19283.87515788046,1.2855916771920306,45705.51900975028,0.3584746589000022,2.3447691640408777,17585.768730306583
2,9,0.05,0.5498885751145656,0.5989800000000001,0.3628933333333333,0.03812666666666666,0.8613333333333335,0.29776642228731776,234.1615453013371,18977.61833424822,1.2651745556165481,46867.10073470242,0.3675851038015876,2.218475626431223,16638.567198234174
2,10,0.05,0.5504256909368261,0.5764533333333333,0.386,0.037546666666666666,0.86544,0.3115086380440313,247.90205810798273,18917.33678388171,1.261155785592114,45942.210559872256,0.36033106321468433,2.360574172902662,17704.306296769966
2,11,0.05,0.5509480511606768,0.5689933333333334,0.39375333333333334,0.03725333333333333,0.8701,0.3110225829928215,245.46773493654675,19296.972854099753,1.2864648569399835,45984.354793118706,0.3606616062205389,2.3147840035844056,17360.880026883042
2,12,0.05,0.5505355441816351,0.5589533333333334,0.40491999999999995,0.036126666666666675,0.86598,0.31794639737892516,251.03827868724147,19504.12642879857,1.3002750952532378,45413.17665570682,0.3561817776918182,2.355070472365323,17663.02854273992
2,13,0.05,0.550534842915808,0.5758333333333334,0.3865333333333333,0.03763333333333333,0.8624466666666666,0.30156667553126626,237.9557792451598,18828.59213559674,1.2552394757064493,46758.77773070017,0.3667355116133346,2.2657142094765765,16992.856571074324
2,14,0.05,0.5498212060902247,0.5851533333333334,0.3769866666666667,0.03786,0.8563399999999999,0.29604615976085324,232.64589333035082,18947.02190093527,1.2631347933956847,46998.58874888586,0.3686163823442028,2.203676035161679,16527.570263712594
2,15,0.05,0.551224467165931,0.55326,0.40962000000000004,0.03712000000000001,0.8570533333333333,0.303009044069249,240.14631322079185,18869.658537221276,1.2579772358147516,46657.930739980446,0.36594455482337607,2.2874774396917243,17156.080797687933
2,16,0.05,0.5501232858575351,0.5864133333333335,0.3761666666666667,0.03742,0.8545333333333333,0.2928144808158091,230.74734551059765,18641.209133344637,1.2427472755563091,47343.66975046699,0.37132290000366264,2.204481865975819,16533.613994818643
2,17,0.05,0.5487541266816912,0.5532466666666667,0.4096,0.03715333333333334,0.8632799999999999,0.3122294762283917,246.5863298285247,19106.85880738271,1.2737905871588473,45726.77806892813,0.35864139661904415,2.3305976167923745,17479.48212594281
2,18,0.05,0.5502846994392853,0.5961466666666667,0.36651999999999996,0.037333333333333336,0.8666133333333333,0.30561764162046656,242.4035691563098,18837.405016758992,1.255827001117266,46392.574152330504,0.36386332668494514,2.3083634329071128,17312.725746803346
2,19,0.05,0.5497510233069399,0.5573266666666667,0.40574666666666664,0.03692666666666667,0.8648333333333332,0.30894697209519517,241.79677202679017,19575.38974883756,1.3050259832558373,45974.56140359321,0.3605847953222997,2.2550269791480324,16912.702343610243
3,0,0.3,0.5481999284358119,0.5104000000000001,0.42320666666666673,0.06639333333333335,0.56578,0.03162215084929865,21.64559182920553,6339.6783386912175,0.4226452225794145,51011.692316498375,0.5667965812944263,0.5528581913373815,24878.618610182166
3,1,0.3,0.5495146275122338,0.5116266666666667,0.42246000000000006,0.06591333333333334,0.5644466666666668,0.03403375774133677,22.47131559684982,6308.701971597935,0.42058013143986234,51339.03237573281,0.5704336930636978,0.5506546617667635,24779.459779504356
3,2,0.3,0.5483071972913592,0.5103333333333333,0.42172000000000004,0.06794666666666666,0.5494533333333333,0.0406397493710875,25.799503149936672,6025.848335226021,0.4017232223484014,51799.867859866245,0.5755540873318472,0.5426747421913684,24420.36339861158
3,3,0.3,0.5499461826631016,0.50856,0.42472,0.06672,0.5730799999999999,0.031069803536194263,21.222170724304377,6399.43863445683,0.426629242297122,51041.85351166161,0.567131705685129,0.5566807834077067,25050.635253346798
3,4,0.3,0.5484554372076823,0.5096066666666667,0.42355333333333334,0.06684,0.5680533333333333,0.03481269306190171,23.600693099740948,6176.796626801502,0.41178644178676677,51216.27233272658,0.5690696925858508,0.5527832582583174,24875.246621624283
3,5,0.3,0.5500106241760838,0.5111933333333333,0.4211666666666667,0.06764,0.5499066666666668,0.04085793942440974,25.766642934327354,6068.633874010902,0.4045755916007268,52009.93858112818,0.5778882064569798,0.5427338038060764,24423.021171273438
3,6,0.3,0.5511445544413907,0.5087266666666667,0.42416,0.06711333333333334,0.5770533333333334,0.03226771335873346,22.468939890721757,6307.642955565281,0.42050953037101874,51176.696296639995,0.5686299588515555,0.5597187536445185,25187.343914003333
3,7,0.3,0.5491853013876797,0.5100733333333333,0.42290000000000005,0.06702666666666666,0.5625,0.0346475211785473,22.947563288843348,6255.80100342685,0.41705340022845666,51347.797361362755,0.5705310817929194,0.5505377076302744,24774.196843362348
3,8,0.3,0.5491761441258403,0.5103133333333333,0.42216,0.06752666666666667,0.5535533333333332,0.03935150487341632,24.901037852776415,6116.598385189539,0.4077732256793026,51776.27359155232,0.5752919287950258,0.5440788809363138,24483.549642134123
3,9,0.3,0.5504352105673642,0.51146,0.4214,0.06714,0.5397266666666667,0.04340200425152019,26.659632853949187,6031.4956358144755,0.40209970905429837,52263.956799407984,0.5807106311045331,0.5393295366640488,24269.829149882196
3,10,0.3,0.5500380062562997,0.5090866666666667,0.4240066666666667,0.06690666666666667,0.5740333333333333,0.03258922179070045,22.667530695169095,6268.6302641949615,0.4179086842796641,51130.97212180386,0.5681219124644874,0.557913301165469,25106.098552446107
3,11,0.3,0.5497092716558442,0.5132533333333333,0.41896000000000005,0.06778666666666666,0.56724,0.03082982933865841,22.17038397017696,6298.478450980034,0.41989856339866893,50951.620822209254,0.5661291202467695,0.5601398105597196,25206.291475187383
3,12,0.3,0.5513028480608352,0.5072333333333333,0.42570666666666673,0.06706000000000001,0.5776600000000001,0.03131111636662154,21.465334931742422,6397.990181949182,0.42653267879661216,51048.148673916294,0.5672016519324032,0.561095296739106,25249.288353259766
3,13,0.3,0.5495685028394721,0.5099,0.42474666666666666,0.06535333333333333,0.6122666666666666,0.033736156271592765,18.954515094356278,6769.764269561874,0.4513176179707916,49439.440780908786,0.5493271197878754,0.5828015638988913,26226.070375450105
3,14,0.3,0.5493879383455638,0.5098466666666667,0.4217666666666667,0.06838666666666665,0.5476333333333333,0.04193748001086983,26.1435963223166,6040.365217118074,0.40269101447453826,52017.25248775566,0.577969472086174,0.5411238454880184,24350.573046960828
3,15,0.3,0.5492402029846187,0.51338,0.41929333333333335,0.06732666666666667,0.5759933333333334,0.031034967516955447,21.828512599482675,6332.63578295858,0.42217571886390537,50845.39890878108,0.5649488767642342,0.560177683465626,25207.995755953172
3,16,0.3,0.5496581408121569,0.5074,0.4270333333333334,0.06556666666666666,0.6114866666666667,0.03145182010814129,18.921651517411316,6687.985233984227,0.4458656822656151,49835.9008607054,0.5537322317856156,0.5761074450474192,25924.83502713386
3,17,0.3,0.5498127411623793,0.51246,0.4213866666666667,0.06615333333333334,0.5471866666666667,0.040077902399830334,25.549154895017434,6072.215579738511,0.4048143719825674,51917.19476037475,0.5768577195597194,0.5440555740943029,24482.500834243634
3,18,0.3,0.5484080314183245,0.5116866666666666,0.42114666666666667,0.06716666666666667,0.5504133333333334,0.03957361024835393,24.78637665520158,6125.717293136272,0.40838115287575144,51753.47162224758,0.5750385735805287,0.5418225732747751,24382.01579736488
3,19,0.3,0.5502620791165814,0.5075666666666666,0.42606000000000005,0.06637333333333334,0.57546,0.03152683022611913,21.725486203685612,6355.901253967657,0.42372675026451045,51116.80228215168,0.5679644698016854,0.557035740697064,25066.60833136788
4,0,0.45,0.5500902077264782,0.49979999999999997,0.42066666666666663,0.07953333333333333,0.5100733333333334,0.05050416592111007,28.627205370310172,5978.112573391819,0.39854083822612124,40090.634309526286,0.5939353231040931,0.5399227300156091,36444.784276053615
4,1,0.45,0.5504656910478115,0.4994533333333333,0.4212533333333333,0.07929333333333334,0.5127733333333333,0.049627188522904486,28.300594937098268,5994.584691960162,0.3996389794640108,40067.01288015212,0.5935853760022536,0.5408630531119921,36508.25608505947
4,2,0.45,0.5496886900323322,0.49951999999999996,0.4203333333333334,0.08014666666666667,0.5137200000000001,0.05004960449847329,28.555959798329344,5965.383015456959,0.39769220103046393,40060.56722865945,0.5934898848690289,0.5396644927516062,36427.35326073342
4,3,0.45,0.5489099333145082,0.4990266666666666,0.4206666666666667,0.08030666666666667,0.5113266666666667,0.05075615693346647,28.798489817676508,5948.138176324595,0.3965425450883064,40051.6184573896,0.593357310479846,0.5383219757549925,36336.73336346199
4,4,0.45,0.550484024948946,0.5004533333333334,0.4195533333333334,0.07999333333333333,0.5107466666666666,0.050456201847832505,28.645136118996987,5983.553268215542,0.39890355121436943,40147.72721197835,0.5947811438811608,0.5398714557355254,36441.32326214797
4,5,0.45,0.5505697978638444,0.4996666666666667,0.42081999999999997,0.07951333333333334,0.5185933333333334,0.04811522812664237,27.471593402080284,6072.374203066119,0.40482494687107456,40000.47537345366,0.5925996351622764,0.5409277052304723,36512.62010305688
4,6,0.45,0.5506131122046707,0.4986733333333334,0.42238,0.07894666666666666,0.5198266666666667,0.048087682126305875,27.55731467955898,6052.0872369777135,0.4034724824651809,39968.30450219018,0.5921230296620767,0.5418011124671515,36571.57509153272
4,7,0.45,0.548182494972455,0.4995799999999999,0.42108666666666666,0.07933333333333333,0.5167533333333333,0.04837131644654469,27.369166279882275,6038.403068334211,0.40256020455561403,39799.156234370676,0.5896171293980841,0.539108369528346,36389.81494316335
4,8,0.45,0.5489071788665628,0.5010266666666666,0.4204666666666667,0.07850666666666666,0.5104666666666667,0.05055501693718223,28.706100275048485,5949.104550259982,0.39660697001733214,40030.234892938795,0.5930405169324267,0.5386183316560835,36356.73738678564
4,9,0.45,0.5505518003408576,0.4987266666666667,0.42288,0.07839333333333334,0.5157266666666667,0.04907203211684408,27.845246758691484,6044.8254953542355,0.402988366356949,40054.53946519723,0.5934005846695886,0.5404948902307739,36483.40509057724
4,10,0.45,0.5498637240141079,0.5002533333333333,0.4198533333333333,0.07989333333333334,0.5112000000000001,0.050179418878791404,28.341572244971736,6001.386402346497,0.40009242682309976,40074.36566913751,0.5936943062094445,0.5393156523056621,36403.806530632195
4,11,0.45,0.5494937853103934,0.4988466666666667,0.42114666666666667,0.08000666666666667,0.5139933333333333,0.04908891737612864,28.021878947703996,6000.316109020271,0.4000210739346847,39966.602836186285,0.5920978197953524,0.5401059089089253,36457.14885135246
4,12,0.45,0.5508093483564624,0.4991066666666667,0.42136,0.07953333333333333,0.5148400000000001,0.049606684798268796,27.903765180596924,6065.687266746702,0.40437915111644684,40117.07549163258,0.5943270443204827,0.5398316962235569,36438.63949509009
4,13,0.45,0.5489471339705418,0.50044,0.42000666666666664,0.07955333333333332,0.5147999999999999,0.050133006041301,28.776636612280978,5924.997143788096,0.39499980958587305,39988.4823840005,0.5924219612444518,0.5396828232265583,36428.59056779268
4,14,0.45,0.5499159531052425,0.5006133333333334,0.41988,0.07950666666666666,0.5138266666666665,0.05020758801520753,28.473356267338456,5989.9219028700145,0.39932812685800095,40088.88779361946,0.5939094487943624,0.5393864188043996,36408.58326929698
4,15,0.45,0.549975974370547,0.4990933333333334,0.42053999999999997,0.08036666666666667,0.5155599999999999,0.04927975811058216,28.05171943569272,6010.238577347762,0.4006825718231841,40004.04867092919,0.5926525729026546,0.5404756875156308,36482.10890730508
4,16,0.45,0.5485301075607495,0.5006666666666666,0.4208133333333333,0.07852,0.5114333333333333,0.04962028959065834,27.878184591068113,6037.451492508462,0.4024967661672308,39974.64521593358,0.5922169661619789,0.5372951026025251,36267.41942567044
4,17,0.45,0.5493427530334237,0.49903333333333333,0.4223133333333334,0.07865333333333334,0.5143933333333334,0.04934725781068283,27.986246220001536,6012.170713419043,0.40081138089460283,39976.987586917516,0.5922516679543336,0.5394408096989183,36412.25465467698
4,18,0.45,0.550331228916522,0.4987733333333333,0.421,0.08022666666666665,0.5198400000000001,0.04880667240902725,27.99083118061927,6011.190097221218,0.4007460064814145,39981.79100258992,0.5923228296679988,0.5415807887061799,36556.70323766714
4,19,0.45,0.5496481653542785,0.5007466666666667,0.41968,0.07957333333333333,0.5113466666666666,0.050398272751652984,28.637264891311542,5969.266550369737,0.39795110335798245,40068.2753754461,0.5936040796362385,0.5394027092937179,36409.68287732596
5,0,0.6,0.5497699872673558,0.48484000000000005,0.42369333333333337,0.09146666666666667,0.49507999999999996,0.051759269470336156,28.89823175387482,6014.1741951192735,0.4009449463412849,27397.175154538163,0.6088261145452926,0.5450460971160654,49054.14874044589
5,1,0.6,0.5497062896979193,0.48546666666666666,0.4224133333333333,0.09212000000000001,0.4964533333333333,0.051847539223149,28.602736004840466,6083.681750765565,0.40557878338437103,27458.72889522127,0.6101939754493615,0.5434836978744564,48913.53280870107
5,2,0.6,0.550025733929618,0.4846733333333333,0.4237933333333333,0.09153333333333333,0.4949533333333333,0.05098767084510847,28.34527451133216,6087.048631214488,0.40580324208096585,27429.015072065577,0.6095336682681239,0.5443088487351412,48987.79638616271
5,3,0.6,0.5484507992949463,0.48424,0.42406666666666665,0.09169333333333332,0.49257999999999996,0.05209156162802109,28.868030929194454,6027.481227957352,0.40183208186382346,27408.710384258717,0.609082452983527,0.5425714253558438,48831.42828202594
5,4,0.6,0.550255497046373,0.4843733333333333,0.42379999999999995,0.09182666666666668,0.4947933333333333,0.05208466377599352,29.177294357114757,6014.497741299356,0.4009665160866237,27478.205460882185,0.6106267880196041,0.5449513483863822,49045.6213547744
5,5,0.6,0.5511011798980292,0.4848199999999999,0.42323333333333335,0.09194666666666666,0.49498000000000003,0.05181594717376581,28.612358852516735,6103.09766178394,0.40687317745226265,27532.616919962406,0.6118359315547202,0.544771804477311,49029.462402957986
5,6,0.6,0.5509073884194193,0.4840533333333333,0.42512,0.09082666666666667,0.49476,0.05136719159763414,28.621402932752716,6065.552295849698,0.40437015305664653,27449.41824172943,0.6099870720384317,0.5457904191703749,49121.13772533374
5,7,0.6,0.5512247170395587,0.4848533333333333,0.4233266666666667,0.09182000000000001,0.49591999999999997,0.0517722690367981,28.85128165716878,6055.889507587436,0.40372596717249576,27493.569128856423,0.6109682028634761,0.5459360991054437,49134.24891948993
5,8,0.6,0.549222688890866,0.4852133333333334,0.42344666666666664,0.09134,0.4947133333333332,0.05117709928683989,28.574884566967594,6032.930307668054,0.402195353844537,27345.658673978658,0.6076813038661923,0.5444979372442574,49004.814351983165
5,9,0.6,0.5502670021270074,0.48384,0.4238466666666667,0.09231333333333333,0.4953666666666667,0.05227367844969799,29.048748258911452,6039.461659289264,0.402630777285951,27497.476125630274,0.6110550250140061,0.5444790281570177,49003.112534131586
5,10,0.6,0.5503473527135132,0.48446666666666666,0.42318666666666666,0.09234666666666666,0.49450666666666665,0.0516374480997297,28.800418004019534,6046.316283958013,0.4030877522638675,27448.72765843459,0.6099717257429909,0.5450784329403823,49057.0589646344
5,11,0.6,0.5485641826627882,0.48478,0.42390666666666665,0.09131333333333333,0.4942733333333333,0.05236650497710382,28.872118607406982,6034.552768771376,0.4023035179180917,27409.693103859456,0.6091042911968768,0.5426709058531934,48840.38152678741
5,12,0.6,0.5509960378499202,0.48431333333333326,0.42352,0.09216666666666667,0.49294,0.05194275106282298,28.769209675547014,6091.964220442106,0.40613094802947375,27544.392142330893,0.6120976031629087,0.5445894368301661,49013.049314714954
5,13,0.6,0.5508772149072172,0.4832066666666667,0.42499333333333333,0.09179999999999999,0.4945666666666666,0.05172861009067242,28.762524195201426,6062.7045728034645,0.4041803048535643,27468.98228987264,0.6104218286638364,0.5455543930378505,49099.89537340654
5,14,0.6,0.5521082413240299,0.48400666666666664,0.42452666666666666,0.09146666666666667,0.4955866666666667,0.0514573780988139,28.80052822504184,6063.451190522546,0.40423007936816974,27505.27595664462,0.6112283545921027,0.5471945450159691,49247.50905143722
5,15,0.6,0.5483761125361071,0.48461333333333334,0.4223,0.09308666666666668,0.4923933333333333,0.05329869347019622,29.442433091715888,5984.619059027559,0.3989746039351706,27461.667107534373,0.6102592690563194,0.5423347857094902,48810.130713854116
5,16,0.6,0.5515091155278709,0.48542,0.42374,0.09084,0.49594000000000005,0.05055749851231428,28.250460779363053,6104.304574890915,0.406953638326061,27449.836418797775,0.6099963648621728,0.546358070394355,49172.226335491956
5,17,0.6,0.5472381995539252,0.4840933333333334,0.42316666666666664,0.09274,0.49524666666666667,0.05222130657114743,28.79339134653083,6006.346181221757,0.40042307874811717,27312.989077795828,0.6069553128399073,0.5418488297119024,48766.39467407121
5,18,0.6,0.5498323806921975,0.48426666666666673,0.4247133333333334,0.09102,0.4932066666666667,0.05166808473524864,28.612147908506333,6070.349615031625,0.4046899743354417,27444.08202647174,0.6098684894771498,0.5440047273591803,48960.425462326224
5,19,0.6,0.5489091870767928,0.48633999999999994,0.42254666666666674,0.09111333333333334,0.4939466666666667,0.052600409956640615,29.410908077632676,5962.354528387041,0.39749030189246937,27417.738706732176,0.6092830823718262,0.5439587202933301,48956.284826399715
6,0,0.85,0.5489745276170397,0.4421066666666667,0.44032,0.11757333333333334,0.4636666666666666,0.040378797434324376,26.07792702787006,6205.542567875607,0.4137028378583738,5026.262816595683,0.6701683755460911,0.5577597941810559,71114.37375808464
6,1,0.85,0.5483488026292181,0.44316666666666665,0.4401333333333333,0.1167,0.46668,0.0400568774457537,25.80692452212538,6213.121065579924,0.4142080710386616,4999.170230525208,0.6665560307366944,0.5571766988100204,71040.0290982776
6,2,0.85,0.5502244793160095,0.4408666666666667,0.44158000000000003,0.11755333333333334,0.46614666666666665,0.04099804541814556,26.867448916176038,6124.455017049099,0.4082970011366066,5023.092388833272,0.6697456518444362,0.5598911724825024,71386.12449151906
6,3,0.85,0.5498816488327555,0.4436066666666667,0.44100666666666666,0.11538666666666667,0.46730666666666665,0.0400073857008163,25.79966142438376,6217.717405613618,0.41451449370757454,4988.1106525302675,0.6650814203373691,0.5590307393472113,71276.41926676943
6,4,0.85,0.5495230079055605,0.44255333333333335,0.4411333333333333,0.11631333333333334,0.46688666666666667,0.03991902257340896,25.827809582569863,6220.514522032086,0.41470096813547236,5005.463746665199,0.6673951662220265,0.5584507679775437,71202.47291713682
6,5,0.85,0.5510013839261397,0.4411066666666667,0.4419666666666667,0.11692666666666666,0.4672266666666666,0.0401805826754138,25.550156041505293,6288.611203391387,0.41924074689275914,5026.444212426691,0.6701925616568921,0.5594913895929639,71335.15217310289
6,6,0.85,0.550645228050541,0.4425866666666667,0.44106,0.11635333333333335,0.4659866666666666,0.040038167236001954,26.02531229748737,6200.774125220713,0.4133849416813809,4994.208091514209,0.6658944122018945,0.5600141332615391,71401.80199084624
6,7,0.85,0.5511563494580619,0.4418666666666667,0.44145333333333336,0.11668,0.46364,0.03969168722749483,25.64580229215036,6259.875373924928,0.4173250249283285,4997.914298311086,0.6663885731081448,0.5601228450703785,71415.66274647326
6,8,0.85,0.5499020582146026,0.4433,0.44022,0.11648,0.4640466666666666,0.03965315064742492,25.519743267149764,6257.143682502457,0.4171429121668304,5000.941073428881,0.6667921431238508,0.5586448939314437,71227.22397625906
6,9,0.85,0.5495947390935544,0.4412733333333333,0.4414733333333334,0.11725333333333333,0.46570000000000006,0.040721757961549754,26.306002276151276,6182.186151761059,0.41214574345073723,5018.182632300616,0.6690910176400822,0.558736016313502,71238.84207997151
6,10,0.85,0.5491003299096451,0.44146,0.4408533333333333,0.11768666666666666,0.46316666666666667,0.04152117086592311,26.734268640130146,6145.255371475876,0.40968369143172506,5030.3529122544005,0.6707137216339201,0.5583485584526783,71189.44120271648
6,11,0.85,0.550101490801257,0.4427133333333333,0.44137333333333334,0.11591333333333333,0.4652466666666667,0.040065734372372264,25.561208291482558,6266.462517647126,0.41776416784314174,5011.229931365311,0.6681639908487081,0.5587257346758914,71237.53117117615
6,12,0.85,0.5503568264558547,0.44255333333333335,0.44100666666666666,0.11644,0.4658066666666666,0.040326635329548166,25.846616036572005,6228.8897424892275,0.4152593161659485,4997.758927537985,0.6663678570050646,0.5594264729282427,71326.87529835093
6,13,0.85,0.5498400362597412,0.44110000000000005,0.44128,0.11762,0.4668466666666667,0.04066267424668468,26.737189364502633,6145.056413729076,0.4096704275819384,5030.197713272685,0.670693028436358,0.5592215789173287,71300.75131195941
6,14,0.85,0.5517522404906813,0.44209333333333334,0.44193999999999994,0.11596666666666666,0.46584,0.03845834715911711,24.920438760089066,6332.74116491116,0.42218274432741065,4998.95480049338,0.6665273067324508,0.5602442361427264,71431.14010819762
6,15,0.85,0.5487765888396363,0.4415,0.44137333333333334,0.11712666666666667,0.46662,0.04077751978012878,26.5106605247004,6151.614406828619,0.41010762712190796,5017.832125858106,0.6690442834477475,0.5580160140647741,71147.0417932587
6,16,0.85,0.5503635322347843,0.4414466666666667,0.4420266666666667,0.11652666666666667,0.4655,0.03995324559297164,25.928708592632038,6222.588924488608,0.4148392616325739,5009.122447517579,0.6678829930023438,0.5593946546134231,71322.81846321144
6,17,0.85,0.5513051527372947,0.4425866666666667,0.4412266666666667,0.11618666666666667,0.4655,0.039394475538750084,25.418448070766786,6298.99854915484,0.4199332366103226,5027.721277703353,0.6703628370271137,0.5597572790881258,71369.05308373604
6,18,0.85,0.5506345630960018,0.44187333333333334,0.44099333333333335,0.11713333333333334,0.46760666666666667,0.04101732898905874,26.393847147718283,6202.5256927561295,0.41350171285040865,5042.586646992725,0.6723448862656967,0.5596084088207952,71350.07212465139
6,19,0.85,0.551054499206858,0.4411733333333333,0.442,0.11682666666666666,0.4664466666666666,0.039068557767850676,25.330761300014892,6300.360202417873,0.42002401349452484,5015.67816941976,0.668757089255968,0.5595461686995375,71342.13650919104
7,0,0.9,0.5495499152998213,0.42832000000000003,0.4490466666666667,0.12263333333333334,0.4652266666666667,0.031614851659507615,22.068391418355915,6308.253414746488,0.42055022764976585,0.0,,0.5638832139276052,76124.2338802267
7,1,0.9,0.5483930715337132,0.42995999999999995,0.4472866666666666,0.12275333333333333,0.4630666666666666,0.03156352820723063,22.037650162825425,6292.415123459415,0.419494341563961,0.0,,0.5627151526414634,75966.54560659756
7,2,0.9,0.5496844829371003,0.42913999999999997,0.44726666666666665,0.12359333333333333,0.46302000000000004,0.03172119868794909,22.380273749282285,6283.7697175417015,0.4189179811694468,0.0,,0.5642140942446175,76168.90272302336
7,3,0.9,0.5492827292605873,0.42996,0.4463866666666667,0.12365333333333334,0.46335333333333334,0.03125271346133829,21.72169414761565,6336.9353693138955,0.4224623579542597,0.0,,0.5633738816279569,76055.47401977418
7,4,0.9,0.5495144906256253,0.42818666666666666,0.44783333333333336,0.12397999999999999,0.46367333333333327,0.03188726624601124,22.304792436762032,6287.979105196777,0.41919860701311845,0.0,,0.5639940332492371,76139.19448864702
7,5,0.9,0.5471958278853692,0.42883333333333334,0.4474066666666667,0.12376000000000001,0.4623933333333333,0.03142606621510957,21.954297828820607,6282.396497446934,0.4188264331631289,0.0,,0.5614590939656181,75796.97768535845
7,6,0.9,0.5506398626245986,0.42911333333333335,0.44776,0.12312666666666666,0.46410666666666667,0.03236491292647359,22.46075782245269,6296.047593591727,0.4197365062394484,0.0,,0.5651846800007261,76299.93180009803
7,7,0.9,0.5509190162747837,0.42861333333333335,0.44786,0.12352666666666666,0.46438,0.03211774376840726,22.191761562583853,6323.604890214141,0.42157365934760943,0.0,,0.5652907226000251,76314.24755100338
7,8,0.9,0.5509174435431792,0.42832666666666663,0.4489066666666667,0.12276666666666666,0.4628333333333333,0.0323405251929787,23.020752576742723,6244.79434963727,0.41631962330915134,0.0,,0.5658727569025156,76392.82218183961
7,9,0.9,0.5502441645791847,0.4287266666666667,0.4477866666666666,0.12348666666666668,0.46264,0.031599159597834436,22.206318108485725,6305.803378986344,0.4203868919324229,0.0,,0.5646727504288245,76230.82130789131
7,10,0.9,0.5509639194531992,0.42929999999999996,0.44722666666666666,0.12347333333333332,0.4618933333333333,0.03204952156416763,22.604274990188177,6278.060056063942,0.4185373370709295,0.0,,0.5656779841623398,76366.52786191588
7,11,0.9,0.5504851264824137,0.42813999999999997,0.4486,0.12326000000000001,0.4631533333333333,0.032496641142033766,22.423206090942266,6298.0150761687355,0.4198676717445824,0.0,,0.5649981770088391,76274.75389619329
7,12,0.9,0.5495542275805444,0.42788666666666664,0.44836000000000004,0.12375333333333333,0.4624533333333333,0.03194495739601022,22.45817727098429,6271.058386959119,0.4180705591306079,0.0,,0.564163524074982,76162.07575012257
7,13,0.9,0.5505905776459092,0.42766666666666664,0.4487333333333334,0.12360000000000002,0.46324,0.03230606272391778,22.571246189062602,6286.449718326765,0.41909664788845097,0.0,,0.5652010142856267,76302.13692855962
7,14,0.9,0.551517128050494,0.4277066666666666,0.44893333333333335,0.12336,0.46307333333333334,0.031588977225822434,22.120048453106822,6334.141281073415,0.4222760854048943,0.0,,0.5658772439000049,76393.42792650066
7,15,0.9,0.5500792577398065,0.42882666666666663,0.44748000000000004,0.12369333333333332,0.4635,0.03239495364818956,22.738616538609733,6257.707443132081,0.4171804962088054,0.0,,0.5648457867988067,76254.18121783891
7,16,0.9,0.5496775240478173,0.42623333333333335,0.44956666666666667,0.1242,0.46221999999999996,0.032654462589268185,22.42741659318542,6287.372011743537,0.4191581341162358,0.0,,0.5641796784846598,76164.25659542906
7,17,0.9,0.5487875640902634,0.42806666666666665,0.4487333333333334,0.1232,0.46254666666666666,0.03092699696873691,21.749444640123638,6324.419137650104,0.4216279425100069,0.0,,0.5629164109325144,75993.71547588945
7,18,0.9,0.5510588880508877,0.42860000000000004,0.44838,0.12301999999999999,0.4638333333333333,0.031275736826124056,21.643416616509814,6379.405066831088,0.42529367112207256,0.0,,0.5650328010429786,76279.4281408021
7,19,0.9,0.5505022890319284,0.4281466666666666,0.44811333333333336,0.12374,0.4646,0.0325428558850267,22.713807090037815,6275.660150207115,0.418377343347141,0.0,,0.5651828385524604,76299.68320458216
